﻿Series Name,Series Code,Country Name,Country Code,1990 [YR1990],2000 [YR2000],2011 [YR2011],2012 [YR2012],2013 [YR2013],2014 [YR2014],2015 [YR2015],2016 [YR2016],2017 [YR2017],2018 [YR2018],2019 [YR2019],2020 [YR2020]
"Mortality rate, neonatal (per 1,000 live births)",SH.DYN.NMRT,Afghanistan,AFG,74.3,60.6,45.8,44.4,43,41.6,40.3,39.1,38,36.9,35.9,..
"Mortality rate, neonatal (per 1,000 live births)",SH.DYN.NMRT,Albania,ALB,12.6,12.2,6.2,6,5.9,5.9,6,6.3,6.7,7.2,7.5,..
"Mortality rate, neonatal (per 1,000 live births)",SH.DYN.NMRT,Algeria,DZA,23.2,21,17.1,16.9,16.4,15.6,15,15.1,15.5,16,16.3,..
"Mortality rate, neonatal (per 1,000 live births)",SH.DYN.NMRT,American Samoa,ASM,..,..,..,..,..,..,..,..,..,..,..,..
"Mortality rate, neonatal (per 1,000 live births)",SH.DYN.NMRT,Andorra,AND,7,3.9,2.1,2,1.9,1.8,1.7,1.6,1.6,1.5,1.4,..
"Mortality rate, neonatal (per 1,000 live births)",SH.DYN.NMRT,Angola,AGO,53.3,50.3,34.9,33.7,32.7,31.6,30.6,29.8,29,28.3,27.6,..
"Mortality rate, neonatal (per 1,000 live births)",SH.DYN.NMRT,Antigua and Barbuda,ATG,8.1,9.6,5.4,5.1,4.8,4.5,4.3,4.1,3.9,3.8,3.6,..
"Mortality rate, neonatal (per 1,000 live births)",SH.DYN.NMRT,Argentina,ARG,14.9,10.9,7.6,7.5,7.2,6.9,6.6,6.4,6.2,6.2,6.1,..
"Mortality rate, neonatal (per 1,000 live births)",SH.DYN.NMRT,Armenia,ARM,22.5,16.4,9.6,9.1,8.7,8.2,7.8,7.4,7.1,6.7,6.4,..
"Mortality rate, neonatal (per 1,000 live births)",SH.DYN.NMRT,Aruba,ABW,..,..,..,..,..,..,..,..,..,..,..,..
"Mortality rate, neonatal (per 1,000 live births)",SH.DYN.NMRT,Australia,AUS,4.6,3.5,2.6,2.5,2.4,2.4,2.3,2.3,2.3,2.3,2.3,..
"Mortality rate, neonatal (per 1,000 live births)",SH.DYN.NMRT,Austria,AUT,4.6,3.1,2.5,2.4,2.3,2.3,2.2,2.2,2.2,2.1,2.1,..
"Mortality rate, neonatal (per 1,000 live births)",SH.DYN.NMRT,Azerbaijan,AZE,32.9,33.5,18.7,17.6,16.6,15.4,14.2,13.2,12.2,11.5,10.9,..
"Mortality rate, neonatal (per 1,000 live births)",SH.DYN.NMRT,"Bahamas, The",BHS,13.8,8.1,7.9,7.8,7.6,7.5,7.4,7.3,7.1,6.9,6.7,..
"Mortality rate, neonatal (per 1,000 live births)",SH.DYN.NMRT,Bahrain,BHR,15.1,4.8,3.2,3.2,3.2,3.2,3.2,3.2,3.1,3,2.9,..
"Mortality rate, neonatal (per 1,000 live births)",SH.DYN.NMRT,Bangladesh,BGD,64.2,42.8,27,25.8,24.6,23.5,22.5,21.6,20.7,19.8,19.1,..
"Mortality rate, neonatal (per 1,000 live births)",SH.DYN.NMRT,Barbados,BRB,11.8,9.3,9.9,9.8,9.7,9.5,9.3,9.1,8.9,8.6,8.4,..
"Mortality rate, neonatal (per 1,000 live births)",SH.DYN.NMRT,Belarus,BLR,8.5,6,1.8,1.8,1.8,1.7,1.6,1.5,1.4,1.3,1.2,..
"Mortality rate, neonatal (per 1,000 live births)",SH.DYN.NMRT,Belgium,BEL,4.6,2.9,2.3,2.3,2.3,2.2,2.2,2.2,2.1,2.1,2,..
"Mortality rate, neonatal (per 1,000 live births)",SH.DYN.NMRT,Belize,BLZ,18.1,12,9.9,10.4,10.5,10.3,10,9.6,9.1,8.6,8.1,..
"Mortality rate, neonatal (per 1,000 live births)",SH.DYN.NMRT,Benin,BEN,45.7,39.6,34.1,33.7,33.3,32.8,32.3,31.9,31.5,31,30.6,..
"Mortality rate, neonatal (per 1,000 live births)",SH.DYN.NMRT,Bermuda,BMU,..,..,..,..,..,..,..,..,..,..,..,..
"Mortality rate, neonatal (per 1,000 live births)",SH.DYN.NMRT,Bhutan,BTN,42.1,31.7,21.4,20.6,19.9,19.2,18.7,18.1,17.6,17.1,16.6,..
"Mortality rate, neonatal (per 1,000 live births)",SH.DYN.NMRT,Bolivia,BOL,40.9,29.1,20.2,19.3,18.5,17.7,17.1,16.5,15.8,15.2,14.6,..
"Mortality rate, neonatal (per 1,000 live births)",SH.DYN.NMRT,Bosnia and Herzegovina,BIH,11.3,6.9,5,4.9,4.8,4.7,4.6,4.5,4.4,4.3,4.2,..
"Mortality rate, neonatal (per 1,000 live births)",SH.DYN.NMRT,Botswana,BWA,16.8,5.8,11.9,13.4,15,16.2,17,17.5,17.8,18,17.9,..
"Mortality rate, neonatal (per 1,000 live births)",SH.DYN.NMRT,Brazil,BRA,25.3,18,10.7,10.3,10,9.7,9.4,9.6,8.5,8.1,7.9,..
"Mortality rate, neonatal (per 1,000 live births)",SH.DYN.NMRT,British Virgin Islands,VGB,..,..,..,..,..,..,..,..,..,..,..,..
"Mortality rate, neonatal (per 1,000 live births)",SH.DYN.NMRT,Brunei Darussalam,BRN,5.6,5,4.8,4.9,4.9,5,5.2,5.4,5.6,5.8,6,..
"Mortality rate, neonatal (per 1,000 live births)",SH.DYN.NMRT,Bulgaria,BGR,8.1,7.8,5,4.7,4.5,4.2,4,3.8,3.7,3.5,3.3,..
"Mortality rate, neonatal (per 1,000 live births)",SH.DYN.NMRT,Burkina Faso,BFA,45.6,40.9,30.2,29.7,29,28.5,28,27.5,27,26.5,25.9,..
"Mortality rate, neonatal (per 1,000 live births)",SH.DYN.NMRT,Burundi,BDI,39.9,36.9,26.8,25.8,24.9,24,23.3,22.6,22,21.5,21,..
"Mortality rate, neonatal (per 1,000 live births)",SH.DYN.NMRT,Cabo Verde,CPV,19.9,17.6,14.8,14.2,13.4,12.6,11.7,10.9,10.2,9.5,9,..
"Mortality rate, neonatal (per 1,000 live births)",SH.DYN.NMRT,Cambodia,KHM,40.1,35.3,20.1,19.1,18.3,17.5,16.9,16.3,15.7,15.1,14.5,..
"Mortality rate, neonatal (per 1,000 live births)",SH.DYN.NMRT,Cameroon,CMR,40.2,35.2,30.7,30.3,29.8,29.2,28.6,28,27.4,26.7,26.1,..
"Mortality rate, neonatal (per 1,000 live births)",SH.DYN.NMRT,Canada,CAN,4.4,3.7,3.7,3.7,3.6,3.6,3.5,3.5,3.4,3.4,3.3,..
"Mortality rate, neonatal (per 1,000 live births)",SH.DYN.NMRT,Cayman Islands,CYM,..,..,..,..,..,..,..,..,..,..,..,..
"Mortality rate, neonatal (per 1,000 live births)",SH.DYN.NMRT,Central African Republic,CAF,52,49.4,46.1,45.2,44.5,43.7,42.9,42.1,41.4,40.7,39.7,..
"Mortality rate, neonatal (per 1,000 live births)",SH.DYN.NMRT,Chad,TCD,51.9,44.4,37.6,37.1,36.6,36.1,35.6,35,34.5,33.9,33.3,..
"Mortality rate, neonatal (per 1,000 live births)",SH.DYN.NMRT,Channel Islands,CHI,..,..,..,..,..,..,..,..,..,..,..,..
"Mortality rate, neonatal (per 1,000 live births)",SH.DYN.NMRT,Chile,CHL,8.6,5.7,5.3,5.3,5.3,5.2,5.1,5,4.9,4.7,4.6,..
"Mortality rate, neonatal (per 1,000 live births)",SH.DYN.NMRT,China,CHN,29.6,21,7.6,7,6.4,5.9,5.4,4.9,4.5,4.2,3.9,..
"Mortality rate, neonatal (per 1,000 live births)",SH.DYN.NMRT,Colombia,COL,17.7,13.5,9.7,9.4,9.1,8.8,8.5,8.2,8,7.7,7.5,..
"Mortality rate, neonatal (per 1,000 live births)",SH.DYN.NMRT,Comoros,COM,49.6,40.6,35.5,34.8,34,33.5,32.6,31.9,31.3,30.5,29.8,..
"Mortality rate, neonatal (per 1,000 live births)",SH.DYN.NMRT,"Congo, Dem. Rep.",COD,41.7,38.5,31.8,31.2,30.6,30.1,29.6,29,28.5,28,27.4,..
"Mortality rate, neonatal (per 1,000 live births)",SH.DYN.NMRT,"Congo, Rep.",COG,27.1,30.7,22,21.8,21.5,21.2,20.9,20.5,20.1,19.7,19.3,..
"Mortality rate, neonatal (per 1,000 live births)",SH.DYN.NMRT,Costa Rica,CRI,9,7.7,6.6,6.5,6.4,6.3,6.2,6.2,6.2,6.2,6.2,..
"Mortality rate, neonatal (per 1,000 live births)",SH.DYN.NMRT,Cote d'Ivoire,CIV,48.7,45.1,38.1,37.5,36.8,36.2,35.6,34.9,34.3,33.7,33,..
"Mortality rate, neonatal (per 1,000 live births)",SH.DYN.NMRT,Croatia,HRV,8.1,5.6,3.4,3.3,3.2,3.2,3.1,3,3,2.9,2.9,..
"Mortality rate, neonatal (per 1,000 live births)",SH.DYN.NMRT,Cuba,CUB,6.8,4.3,2.8,2.6,2.5,2.4,2.4,2.3,2.2,2.2,2.2,..
"Mortality rate, neonatal (per 1,000 live births)",SH.DYN.NMRT,Curacao,CUW,..,..,..,..,..,..,..,..,..,..,..,..
"Mortality rate, neonatal (per 1,000 live births)",SH.DYN.NMRT,Cyprus,CYP,6.2,3.7,1.9,1.8,1.7,1.7,1.6,1.5,1.4,1.4,1.3,..
"Mortality rate, neonatal (per 1,000 live births)",SH.DYN.NMRT,Czech Republic,CZE,7.3,2.7,1.6,1.6,1.6,1.6,1.6,1.6,1.6,1.6,1.6,..
"Mortality rate, neonatal (per 1,000 live births)",SH.DYN.NMRT,Denmark,DNK,4.4,3.5,3,3.1,3.2,3.2,3.3,3.2,3.2,3.1,3,..
"Mortality rate, neonatal (per 1,000 live births)",SH.DYN.NMRT,Djibouti,DJI,49.2,43.9,36.5,35.7,34.9,34.2,33.5,32.7,32,31.2,30.5,..
"Mortality rate, neonatal (per 1,000 live births)",SH.DYN.NMRT,Dominica,DMA,10.4,12.9,20.5,21.6,22.6,23.7,24.6,25.5,26.4,27.3,28.1,..
"Mortality rate, neonatal (per 1,000 live births)",SH.DYN.NMRT,Dominican Republic,DOM,24.4,23.4,22.6,22.4,22.2,21.8,21.4,21,20.5,20,19.4,..
"Mortality rate, neonatal (per 1,000 live births)",SH.DYN.NMRT,Ecuador,ECU,22.2,14.5,8.9,8.6,8.3,8.1,7.9,7.7,7.5,7.2,7.1,..
"Mortality rate, neonatal (per 1,000 live births)",SH.DYN.NMRT,"Egypt, Arab Rep.",EGY,33.3,22.3,15.2,14.5,13.9,13.4,12.8,12.4,12,11.5,11.1,..
"Mortality rate, neonatal (per 1,000 live births)",SH.DYN.NMRT,El Salvador,SLV,22.4,14.8,9,8.6,8.2,7.9,7.6,7.3,7,6.8,6.6,..
"Mortality rate, neonatal (per 1,000 live births)",SH.DYN.NMRT,Equatorial Guinea,GNQ,47.9,44.4,34.2,33.5,32.8,32.2,31.6,30.9,30.3,29.6,29,..
"Mortality rate, neonatal (per 1,000 live births)",SH.DYN.NMRT,Eritrea,ERI,34.7,26.5,21.2,20.7,20.3,19.8,19.4,19,18.6,18.2,17.8,..
"Mortality rate, neonatal (per 1,000 live births)",SH.DYN.NMRT,Estonia,EST,9.9,5.3,2,1.8,1.7,1.5,1.4,1.3,1.2,1.1,1.1,..
"Mortality rate, neonatal (per 1,000 live births)",SH.DYN.NMRT,Eswatini,SWZ,21.5,21.6,20,20,20,19.9,19.6,19.4,19.1,18.8,18.4,..
"Mortality rate, neonatal (per 1,000 live births)",SH.DYN.NMRT,Ethiopia,ETH,58.9,48.2,36.8,35.5,34.2,32.9,31.8,30.6,29.6,28.6,27.6,..
"Mortality rate, neonatal (per 1,000 live births)",SH.DYN.NMRT,Faroe Islands,FRO,..,..,..,..,..,..,..,..,..,..,..,..
"Mortality rate, neonatal (per 1,000 live births)",SH.DYN.NMRT,Fiji,FJI,12.2,9.1,9.4,9.4,9.5,9.7,9.9,10.2,10.5,10.7,10.8,..
"Mortality rate, neonatal (per 1,000 live births)",SH.DYN.NMRT,Finland,FIN,3.9,2.5,1.6,1.5,1.4,1.4,1.4,1.4,1.4,1.4,1.4,..
"Mortality rate, neonatal (per 1,000 live births)",SH.DYN.NMRT,France,FRA,3.6,2.7,2.2,2.2,2.3,2.4,2.4,2.4,2.5,2.6,2.7,..
"Mortality rate, neonatal (per 1,000 live births)",SH.DYN.NMRT,French Polynesia,PYF,..,..,..,..,..,..,..,..,..,..,..,..
"Mortality rate, neonatal (per 1,000 live births)",SH.DYN.NMRT,Gabon,GAB,31.1,28.5,24.2,23.7,23.2,22.7,22.2,21.7,21.2,20.7,20.2,..
"Mortality rate, neonatal (per 1,000 live births)",SH.DYN.NMRT,"Gambia, The",GMB,45.8,37.6,32.3,31.7,31.1,30.5,29.9,29.2,28.5,27.8,27.1,..
"Mortality rate, neonatal (per 1,000 live births)",SH.DYN.NMRT,Georgia,GEO,24.8,22.4,9.3,8.6,7.9,7.3,6.7,6.1,5.6,5.2,4.9,..
"Mortality rate, neonatal (per 1,000 live births)",SH.DYN.NMRT,Germany,DEU,3.4,2.8,2.3,2.3,2.3,2.3,2.3,2.3,2.3,2.3,2.3,..
"Mortality rate, neonatal (per 1,000 live births)",SH.DYN.NMRT,Ghana,GHA,42.3,36.1,29,28.2,27.4,26.6,25.8,25.1,24.4,23.7,23.1,..
"Mortality rate, neonatal (per 1,000 live births)",SH.DYN.NMRT,Gibraltar,GIB,..,..,..,..,..,..,..,..,..,..,..,..
"Mortality rate, neonatal (per 1,000 live births)",SH.DYN.NMRT,Greece,GRC,6.5,3.9,2.2,2.3,2.5,2.6,2.7,2.6,2.6,2.4,2.3,..
"Mortality rate, neonatal (per 1,000 live births)",SH.DYN.NMRT,Greenland,GRL,..,..,..,..,..,..,..,..,..,..,..,..
"Mortality rate, neonatal (per 1,000 live births)",SH.DYN.NMRT,Grenada,GRD,12.3,8,9.3,9.7,10.1,10.4,10.7,10.9,11,11.1,11,..
"Mortality rate, neonatal (per 1,000 live births)",SH.DYN.NMRT,Guam,GUM,..,..,..,..,..,..,..,..,..,..,..,..
"Mortality rate, neonatal (per 1,000 live births)",SH.DYN.NMRT,Guatemala,GTM,28.1,21.2,15.8,15.4,15,14.5,14,13.5,13,12.6,12.2,..
"Mortality rate, neonatal (per 1,000 live births)",SH.DYN.NMRT,Guinea,GIN,61,45.5,34.2,33.6,33,32.4,31.9,31.4,31.1,30.7,30.4,..
"Mortality rate, neonatal (per 1,000 live births)",SH.DYN.NMRT,Guinea-Bissau,GNB,63.3,54.7,42.9,41.7,40.6,39.5,38.5,37.5,36.7,35.8,35.1,..
"Mortality rate, neonatal (per 1,000 live births)",SH.DYN.NMRT,Guyana,GUY,30.5,26.7,22.2,21.7,21.3,20.9,20.5,20,19.6,19.1,18.6,..
"Mortality rate, neonatal (per 1,000 live births)",SH.DYN.NMRT,Haiti,HTI,38.7,29.7,28.4,28.2,27.9,27.6,27.1,26.7,26.3,25.8,25.3,..
"Mortality rate, neonatal (per 1,000 live births)",SH.DYN.NMRT,Honduras,HND,21.9,17.4,12.2,11.8,11.3,10.9,10.5,10.1,9.8,9.5,9.2,..
"Mortality rate, neonatal (per 1,000 live births)",SH.DYN.NMRT,"Hong Kong SAR, China",HKG,..,..,..,..,..,..,..,..,..,..,..,..
"Mortality rate, neonatal (per 1,000 live births)",SH.DYN.NMRT,Hungary,HUN,11.1,5.7,3.3,3.2,3,2.9,2.7,2.5,2.3,2.2,2,..
"Mortality rate, neonatal (per 1,000 live births)",SH.DYN.NMRT,Iceland,ISL,3.5,2.1,1.3,1.2,1.2,1.2,1.1,1.1,1.1,1,1,..
"Mortality rate, neonatal (per 1,000 live births)",SH.DYN.NMRT,India,IND,57.4,45,30.7,29.5,28.3,27.1,25.9,24.7,23.7,22.6,21.7,..
"Mortality rate, neonatal (per 1,000 live births)",SH.DYN.NMRT,Indonesia,IDN,30.6,22.8,16.8,16.3,15.7,15.2,14.5,13.9,13.4,12.9,12.4,..
"Mortality rate, neonatal (per 1,000 live births)",SH.DYN.NMRT,"Iran, Islamic Rep.",IRN,25.4,18.8,11.7,11.2,10.7,10.3,10,9.6,9.2,8.9,8.6,..
"Mortality rate, neonatal (per 1,000 live births)",SH.DYN.NMRT,Iraq,IRQ,26.1,23.6,19.2,18.8,18.3,17.9,17.4,16.9,16.3,15.8,15.3,..
"Mortality rate, neonatal (per 1,000 live births)",SH.DYN.NMRT,Ireland,IRL,4.7,4,2.5,2.5,2.5,2.5,2.4,2.3,2.3,2.2,2.1,..
"Mortality rate, neonatal (per 1,000 live births)",SH.DYN.NMRT,Isle of Man,IMN,..,..,..,..,..,..,..,..,..,..,..,..
"Mortality rate, neonatal (per 1,000 live births)",SH.DYN.NMRT,Israel,ISR,6.3,3.6,2.3,2.3,2.2,2.1,2.1,2,2,2,1.9,..
"Mortality rate, neonatal (per 1,000 live births)",SH.DYN.NMRT,Italy,ITA,6.4,3.5,2.4,2.3,2.2,2.2,2.1,2.1,2,2,1.9,..
"Mortality rate, neonatal (per 1,000 live births)",SH.DYN.NMRT,Jamaica,JAM,20.1,16.7,12.7,12.3,12,11.6,11.2,10.9,10.5,10.2,9.8,..
"Mortality rate, neonatal (per 1,000 live births)",SH.DYN.NMRT,Japan,JPN,2.5,1.8,1,1,1,0.9,0.9,0.9,0.9,0.9,0.8,..
"Mortality rate, neonatal (per 1,000 live births)",SH.DYN.NMRT,Jordan,JOR,19.7,16.1,11.6,11.3,11,10.7,10.4,10,9.8,9.5,9.2,..
"Mortality rate, neonatal (per 1,000 live births)",SH.DYN.NMRT,Kazakhstan,KAZ,22.5,22.7,10.1,8.6,7.3,6.3,5.6,5.1,4.8,4.7,4.7,..
"Mortality rate, neonatal (per 1,000 live births)",SH.DYN.NMRT,Kenya,KEN,27.6,28.5,24.1,23.7,23.4,23.1,22.7,22.3,21.9,21.5,21,..
"Mortality rate, neonatal (per 1,000 live births)",SH.DYN.NMRT,Kiribati,KIR,35.2,28.7,25.4,25.1,24.7,24.3,23.8,23.4,23,22.6,22.1,..
"Mortality rate, neonatal (per 1,000 live births)",SH.DYN.NMRT,"Korea, Dem. People's Rep.",PRK,21.3,26.3,15.2,14.2,13.2,12.3,11.6,11,10.5,10,9.5,..
"Mortality rate, neonatal (per 1,000 live births)",SH.DYN.NMRT,"Korea, Rep.",KOR,7.3,3.4,1.7,1.7,1.7,1.7,1.6,1.6,1.6,1.6,1.5,..
"Mortality rate, neonatal (per 1,000 live births)",SH.DYN.NMRT,Kosovo,XKX,..,..,..,..,..,..,..,..,..,..,..,..
"Mortality rate, neonatal (per 1,000 live births)",SH.DYN.NMRT,Kuwait,KWT,10.4,6.5,5.4,5.2,5.1,5,4.9,4.8,4.7,4.6,4.5,..
"Mortality rate, neonatal (per 1,000 live births)",SH.DYN.NMRT,Kyrgyz Republic,KGZ,24.3,20.5,16.5,16,15.6,15.2,14.7,14.1,13.4,12.8,12.3,..
"Mortality rate, neonatal (per 1,000 live births)",SH.DYN.NMRT,Lao PDR,LAO,47.2,38,27.7,26.9,26,25.2,24.4,23.7,23.1,22.5,22,..
"Mortality rate, neonatal (per 1,000 live births)",SH.DYN.NMRT,Latvia,LVA,8.4,7.2,3.9,3.5,3.2,2.9,2.6,2.4,2.2,2,1.9,..
"Mortality rate, neonatal (per 1,000 live births)",SH.DYN.NMRT,Lebanon,LBN,20.5,11.7,5.7,5.5,5.2,5,4.8,4.6,4.5,4.3,4.2,..
"Mortality rate, neonatal (per 1,000 live births)",SH.DYN.NMRT,Lesotho,LSO,38.5,36.9,41.1,41.7,42.3,42.9,43.4,43.7,43.6,43.4,42.8,..
"Mortality rate, neonatal (per 1,000 live births)",SH.DYN.NMRT,Liberia,LBR,59.2,45.7,32.7,32.7,32.8,33,33,33.1,33,32.8,32.4,..
"Mortality rate, neonatal (per 1,000 live births)",SH.DYN.NMRT,Libya,LBY,20.9,15.9,8.9,8.5,8.1,7.8,7.5,7.2,6.9,6.7,6.5,..
"Mortality rate, neonatal (per 1,000 live births)",SH.DYN.NMRT,Liechtenstein,LIE,..,..,..,..,..,..,..,..,..,..,..,..
"Mortality rate, neonatal (per 1,000 live births)",SH.DYN.NMRT,Lithuania,LTU,7.9,4.5,2.7,2.5,2.4,2.4,2.3,2.3,2.2,2.1,2,..
"Mortality rate, neonatal (per 1,000 live births)",SH.DYN.NMRT,Luxembourg,LUX,4.1,2.4,1.5,1.5,1.5,1.5,1.5,1.5,1.5,1.5,1.5,..
"Mortality rate, neonatal (per 1,000 live births)",SH.DYN.NMRT,"Macao SAR, China",MAC,..,..,..,..,..,..,..,..,..,..,..,..
"Mortality rate, neonatal (per 1,000 live births)",SH.DYN.NMRT,Madagascar,MDG,39,30.9,23.6,23.1,22.7,22.2,21.8,21.4,21,20.5,20.1,..
"Mortality rate, neonatal (per 1,000 live births)",SH.DYN.NMRT,Malawi,MWI,49.5,38.7,27.4,26.3,25.1,23.9,22.8,21.9,21.1,20.4,19.8,..
"Mortality rate, neonatal (per 1,000 live births)",SH.DYN.NMRT,Malaysia,MYS,7.6,4.9,4.2,4.1,4.1,4.1,4.2,4.3,4.4,4.5,4.6,..
"Mortality rate, neonatal (per 1,000 live births)",SH.DYN.NMRT,Maldives,MDV,39.4,21.8,7,6.5,6.2,6,5.9,5.8,5.6,5.3,4.9,..
"Mortality rate, neonatal (per 1,000 live births)",SH.DYN.NMRT,Mali,MLI,66.5,50.7,37.9,37,36.2,35.5,34.8,34.1,33.5,32.8,32.1,..
"Mortality rate, neonatal (per 1,000 live births)",SH.DYN.NMRT,Malta,MLT,7.6,5.1,4.6,4.6,4.6,4.7,4.7,4.7,4.8,4.7,4.7,..
"Mortality rate, neonatal (per 1,000 live births)",SH.DYN.NMRT,Marshall Islands,MHL,19.4,18.3,17.5,17.4,17.1,16.9,16.6,16.3,15.9,15.6,15.3,..
"Mortality rate, neonatal (per 1,000 live births)",SH.DYN.NMRT,Mauritania,MRT,46.4,42.9,37.6,37,36.2,35.5,34.8,34.2,33.5,32.7,32,..
"Mortality rate, neonatal (per 1,000 live births)",SH.DYN.NMRT,Mauritius,MUS,14.6,12.4,9.3,9.5,9.5,9.3,9.1,9.1,9.3,9.7,10.2,..
"Mortality rate, neonatal (per 1,000 live births)",SH.DYN.NMRT,Mexico,MEX,22.2,14.2,8.8,8.6,8.4,8.3,8.3,8.4,8.5,8.7,8.6,..
"Mortality rate, neonatal (per 1,000 live births)",SH.DYN.NMRT,"Micronesia, Fed. Sts.",FSM,24.7,24,19,18.5,18.1,17.6,17.3,17,16.5,16.2,15.9,..
"Mortality rate, neonatal (per 1,000 live births)",SH.DYN.NMRT,Moldova,MDA,18.7,20.7,12.5,12.3,12,11.8,11.6,11.4,11.1,10.9,10.7,..
"Mortality rate, neonatal (per 1,000 live births)",SH.DYN.NMRT,Monaco,MCO,4.3,2.9,2.2,2.1,2.1,2,1.9,1.9,1.8,1.8,1.7,..
"Mortality rate, neonatal (per 1,000 live births)",SH.DYN.NMRT,Mongolia,MNG,29.8,23.5,10.9,10.4,10,9.8,9.6,9.3,9,8.6,8.1,..
"Mortality rate, neonatal (per 1,000 live births)",SH.DYN.NMRT,Montenegro,MNE,10.8,8.7,3.8,3.3,2.9,2.4,2.1,1.8,1.6,1.4,1.3,..
"Mortality rate, neonatal (per 1,000 live births)",SH.DYN.NMRT,Morocco,MAR,35.9,26.9,19.3,18.5,17.7,16.9,16.1,15.4,14.7,14.2,13.6,..
"Mortality rate, neonatal (per 1,000 live births)",SH.DYN.NMRT,Mozambique,MOZ,61.9,46.1,33.1,32.6,32,31.4,30.9,30.3,29.8,29.2,28.5,..
"Mortality rate, neonatal (per 1,000 live births)",SH.DYN.NMRT,Myanmar,MMR,47.4,37.3,27.5,26.8,26.1,25.4,24.8,24.1,23.6,23,22.4,..
"Mortality rate, neonatal (per 1,000 live births)",SH.DYN.NMRT,Namibia,NAM,27.8,22.6,20.3,20.4,20.5,20.4,20.2,20.1,19.8,19.4,19.1,..
"Mortality rate, neonatal (per 1,000 live births)",SH.DYN.NMRT,Nauru,NRU,29.1,24.5,23.7,23.3,22.9,22.5,22,21.5,21,20.4,19.9,..
"Mortality rate, neonatal (per 1,000 live births)",SH.DYN.NMRT,Nepal,NPL,58.4,40.4,26.2,25.2,24.2,23.3,22.4,21.7,21,20.4,19.8,..
"Mortality rate, neonatal (per 1,000 live births)",SH.DYN.NMRT,Netherlands,NLD,4.6,3.8,2.7,2.7,2.7,2.6,2.6,2.6,2.6,2.6,2.6,..
"Mortality rate, neonatal (per 1,000 live births)",SH.DYN.NMRT,New Caledonia,NCL,..,..,..,..,..,..,..,..,..,..,..,..
"Mortality rate, neonatal (per 1,000 live births)",SH.DYN.NMRT,New Zealand,NZL,4.3,3.5,3.3,3.3,3.3,3.2,3.1,3,2.9,2.7,2.6,..
"Mortality rate, neonatal (per 1,000 live births)",SH.DYN.NMRT,Nicaragua,NIC,22.8,16.5,13.3,13.1,12.8,12.4,11.9,11.5,11,10.6,10.2,..
"Mortality rate, neonatal (per 1,000 live births)",SH.DYN.NMRT,Niger,NER,54.5,43.1,29.5,28.6,27.9,27.1,26.5,25.9,25.3,24.8,24.3,..
"Mortality rate, neonatal (per 1,000 live births)",SH.DYN.NMRT,Nigeria,NGA,49.7,46.3,37.7,37.6,37.4,37.3,37.1,36.9,36.7,36.3,35.9,..
"Mortality rate, neonatal (per 1,000 live births)",SH.DYN.NMRT,North Macedonia,MKD,17.2,9.1,6.6,7.1,8,9.1,9.6,8.8,7.1,5.3,3.9,..
"Mortality rate, neonatal (per 1,000 live births)",SH.DYN.NMRT,Northern Mariana Islands,MNP,..,..,..,..,..,..,..,..,..,..,..,..
"Mortality rate, neonatal (per 1,000 live births)",SH.DYN.NMRT,Norway,NOR,4,2.7,1.8,1.7,1.7,1.6,1.6,1.5,1.5,1.5,1.4,..
"Mortality rate, neonatal (per 1,000 live births)",SH.DYN.NMRT,Oman,OMN,16.8,7.6,5.3,5.3,5.2,5.2,5.2,5.2,5.2,5.2,5.3,..
"Mortality rate, neonatal (per 1,000 live births)",SH.DYN.NMRT,Pakistan,PAK,64.1,56.9,49.1,48.2,47.2,46.2,45.2,44.2,43.2,42.2,41.2,..
"Mortality rate, neonatal (per 1,000 live births)",SH.DYN.NMRT,Palau,PLW,18.6,15.9,12.2,11.8,11.4,11,10.7,10.3,10,9.6,9.4,..
"Mortality rate, neonatal (per 1,000 live births)",SH.DYN.NMRT,Panama,PAN,17.7,15.2,11.1,10.8,10.5,10.1,9.8,9.5,9.1,8.9,8.6,..
"Mortality rate, neonatal (per 1,000 live births)",SH.DYN.NMRT,Papua New Guinea,PNG,33.6,30.7,25.6,25.1,24.7,24.2,23.7,23.3,22.8,22.4,21.9,..
"Mortality rate, neonatal (per 1,000 live births)",SH.DYN.NMRT,Paraguay,PRY,21.8,18.1,14.1,13.6,13.2,12.8,12.4,12,11.6,11.2,10.9,..
"Mortality rate, neonatal (per 1,000 live births)",SH.DYN.NMRT,Peru,PER,27.9,15.9,9.1,8.7,8.3,7.9,7.6,7.2,6.9,6.6,6.4,..
"Mortality rate, neonatal (per 1,000 live births)",SH.DYN.NMRT,Philippines,PHL,19.3,16.3,14.9,14.8,14.6,14.6,14.4,14.3,14,13.6,13.3,..
"Mortality rate, neonatal (per 1,000 live births)",SH.DYN.NMRT,Poland,POL,11.1,5.8,3.4,3.2,3.1,3,2.9,2.8,2.8,2.8,2.7,..
"Mortality rate, neonatal (per 1,000 live births)",SH.DYN.NMRT,Portugal,PRT,7.3,3.4,2.1,2.1,2.1,2.1,2.1,2.1,2,2,2,..
"Mortality rate, neonatal (per 1,000 live births)",SH.DYN.NMRT,Puerto Rico,PRI,..,..,..,..,..,..,..,..,..,..,..,..
"Mortality rate, neonatal (per 1,000 live births)",SH.DYN.NMRT,Qatar,QAT,11.3,6.6,4.5,4.3,4.2,4.1,4,3.8,3.7,3.5,3.4,..
"Mortality rate, neonatal (per 1,000 live births)",SH.DYN.NMRT,Romania,ROU,15.8,10.5,5.3,5.2,5,4.6,4.3,4,3.7,3.6,3.4,..
"Mortality rate, neonatal (per 1,000 live births)",SH.DYN.NMRT,Russian Federation,RUS,10.9,9,4.6,4.8,4.8,4.4,3.9,3.5,3.2,2.9,2.6,..
"Mortality rate, neonatal (per 1,000 live births)",SH.DYN.NMRT,Rwanda,RWA,40.8,40.9,21.8,20.5,19.4,18.6,17.9,17.2,16.7,16.3,15.9,..
"Mortality rate, neonatal (per 1,000 live births)",SH.DYN.NMRT,Samoa,WSM,16.4,11.5,10.1,9.9,9.7,9.5,9.3,9,8.8,8.5,8.2,..
"Mortality rate, neonatal (per 1,000 live births)",SH.DYN.NMRT,San Marino,SMR,7.4,3,1.2,1.1,1,1,0.9,0.9,0.8,0.8,0.8,..
"Mortality rate, neonatal (per 1,000 live births)",SH.DYN.NMRT,Sao Tome and Principe,STP,26.4,22.6,17.5,17.1,16.6,16.1,15.7,15.2,14.8,14.4,14.1,..
"Mortality rate, neonatal (per 1,000 live births)",SH.DYN.NMRT,Saudi Arabia,SAU,21.6,12.2,6.2,5.8,5.4,5,4.7,4.4,4.1,3.8,3.7,..
"Mortality rate, neonatal (per 1,000 live births)",SH.DYN.NMRT,Senegal,SEN,40,37.9,26.1,25.5,24.9,24.4,24,23.5,23,22.5,22,..
"Mortality rate, neonatal (per 1,000 live births)",SH.DYN.NMRT,Serbia,SRB,17.2,7.8,4.7,4.5,4.4,4.2,4,3.7,3.5,3.4,3.2,..
"Mortality rate, neonatal (per 1,000 live births)",SH.DYN.NMRT,Seychelles,SYC,10.9,8.7,8.7,8.8,8.9,8.9,9,9,8.9,8.8,8.6,..
"Mortality rate, neonatal (per 1,000 live births)",SH.DYN.NMRT,Sierra Leone,SLE,52.4,49.2,38.1,37,35.9,35,34.3,33.3,32.5,31.8,31.2,..
"Mortality rate, neonatal (per 1,000 live births)",SH.DYN.NMRT,Singapore,SGP,4.1,1.6,1.1,1.1,1,1,1,1,1,0.9,0.9,..
"Mortality rate, neonatal (per 1,000 live births)",SH.DYN.NMRT,Sint Maarten (Dutch part),SXM,..,..,..,..,..,..,..,..,..,..,..,..
"Mortality rate, neonatal (per 1,000 live births)",SH.DYN.NMRT,Slovak Republic,SVK,8.7,5.1,3.3,3.3,3.2,3.1,3.1,3,3,2.9,2.9,..
"Mortality rate, neonatal (per 1,000 live births)",SH.DYN.NMRT,Slovenia,SVN,5.7,3.3,1.7,1.6,1.5,1.4,1.4,1.3,1.3,1.2,1.2,..
"Mortality rate, neonatal (per 1,000 live births)",SH.DYN.NMRT,Solomon Islands,SLB,14.6,12.9,10.6,10.3,10,9.7,9.4,9.1,8.8,8.5,8.2,..
"Mortality rate, neonatal (per 1,000 live births)",SH.DYN.NMRT,Somalia,SOM,44.8,44,42.4,41.7,40.9,40.2,39.6,39,38.2,37.6,36.9,..
"Mortality rate, neonatal (per 1,000 live births)",SH.DYN.NMRT,South Africa,ZAF,19.6,14.9,11,10.9,10.8,10.9,11,11.2,11.4,11.4,11.5,..
"Mortality rate, neonatal (per 1,000 live births)",SH.DYN.NMRT,South Sudan,SSD,64.1,56,40.7,39.7,39.1,39,38.9,38.7,38.6,38.5,38.6,..
"Mortality rate, neonatal (per 1,000 live births)",SH.DYN.NMRT,Spain,ESP,4.9,2.8,2.1,2.1,2,2,1.9,1.9,1.9,1.8,1.8,..
"Mortality rate, neonatal (per 1,000 live births)",SH.DYN.NMRT,Sri Lanka,LKA,13.4,9.6,6.2,6,5.8,5.6,5.2,5,4.7,4.5,4.3,..
"Mortality rate, neonatal (per 1,000 live births)",SH.DYN.NMRT,St. Kitts and Nevis,KNA,19.3,16.6,11.6,11.6,11.5,11.4,11.3,11.1,10.9,10.6,10.3,..
"Mortality rate, neonatal (per 1,000 live births)",SH.DYN.NMRT,St. Lucia,LCA,12.1,11.6,13,13,12.9,12.7,12.6,12.5,12.5,12.6,12.7,..
"Mortality rate, neonatal (per 1,000 live births)",SH.DYN.NMRT,St. Martin (French part),MAF,..,..,..,..,..,..,..,..,..,..,..,..
"Mortality rate, neonatal (per 1,000 live births)",SH.DYN.NMRT,St. Vincent and the Grenadines,VCT,12.8,13.2,12.2,11.9,11.5,11,10.6,10.1,9.8,9.4,9.1,..
"Mortality rate, neonatal (per 1,000 live births)",SH.DYN.NMRT,Sudan,SDN,42.4,36.9,31.3,30.9,30.5,30,29.4,28.9,28.3,27.8,27.2,..
"Mortality rate, neonatal (per 1,000 live births)",SH.DYN.NMRT,Suriname,SUR,20.6,17.2,14.3,13.9,13.5,13.1,12.7,12.3,12,11.6,11.2,..
"Mortality rate, neonatal (per 1,000 live births)",SH.DYN.NMRT,Sweden,SWE,3.5,2.3,1.6,1.6,1.6,1.6,1.6,1.6,1.5,1.4,1.4,..
"Mortality rate, neonatal (per 1,000 live births)",SH.DYN.NMRT,Switzerland,CHE,3.9,3.5,3.1,3.1,3,3,3,2.9,2.9,2.8,2.8,..
"Mortality rate, neonatal (per 1,000 live births)",SH.DYN.NMRT,Syrian Arab Republic,SYR,16.2,12.2,10.1,10.2,10.3,10.4,10.5,10.6,10.7,10.8,10.8,..
"Mortality rate, neonatal (per 1,000 live births)",SH.DYN.NMRT,Tajikistan,TJK,30.7,28.4,19.3,18.3,17.5,16.8,16.2,15.8,15.6,15.3,15,..
"Mortality rate, neonatal (per 1,000 live births)",SH.DYN.NMRT,Tanzania,TZA,39.9,33.6,24.2,23.7,23.1,22.6,22.1,21.6,21.2,20.7,20.3,..
"Mortality rate, neonatal (per 1,000 live births)",SH.DYN.NMRT,Thailand,THA,20.5,12.8,7.6,7.3,6.9,6.6,6.3,6.1,5.8,5.5,5.3,..
"Mortality rate, neonatal (per 1,000 live births)",SH.DYN.NMRT,Timor-Leste,TLS,55.3,36.8,23.8,23.1,22.5,22,21.4,21,20.5,20,19.6,..
"Mortality rate, neonatal (per 1,000 live births)",SH.DYN.NMRT,Togo,TGO,43,36.2,28.6,28.1,27.6,27.1,26.7,26.2,25.8,25.3,24.8,..
"Mortality rate, neonatal (per 1,000 live births)",SH.DYN.NMRT,Tonga,TON,10.3,7.9,7.3,7.4,7.4,7.5,7.5,7.5,7.5,7.5,7.4,..
"Mortality rate, neonatal (per 1,000 live births)",SH.DYN.NMRT,Trinidad and Tobago,TTO,20.2,18.8,14.8,14.3,13.9,13.5,13.1,12.6,12.3,11.9,11.5,..
"Mortality rate, neonatal (per 1,000 live births)",SH.DYN.NMRT,Tunisia,TUN,27.6,18.8,12.3,12.2,12.1,12.1,12.1,12.1,12.1,12,11.9,..
"Mortality rate, neonatal (per 1,000 live births)",SH.DYN.NMRT,Turkey,TUR,33,18.7,8.4,7.8,7.2,6.7,6.3,6,5.8,5.5,5.3,..
"Mortality rate, neonatal (per 1,000 live births)",SH.DYN.NMRT,Turkmenistan,TKM,26.8,29.7,22.6,22.6,22.6,22.8,23.1,23.4,23.6,23.7,23.6,..
"Mortality rate, neonatal (per 1,000 live births)",SH.DYN.NMRT,Turks and Caicos Islands,TCA,..,..,..,..,..,..,..,..,..,..,..,..
"Mortality rate, neonatal (per 1,000 live births)",SH.DYN.NMRT,Tuvalu,TUV,27.7,24.2,20.6,20,19.5,18.9,18.3,17.7,17.1,16.6,16,..
"Mortality rate, neonatal (per 1,000 live births)",SH.DYN.NMRT,Uganda,UGA,38.8,32.1,24.8,24.2,23.6,23,22.3,21.7,21.1,20.5,20,..
"Mortality rate, neonatal (per 1,000 live births)",SH.DYN.NMRT,Ukraine,UKR,12,11.2,6.7,6.4,6.1,5.9,5.7,5.5,5.3,5.2,5,..
"Mortality rate, neonatal (per 1,000 live births)",SH.DYN.NMRT,United Arab Emirates,ARE,8.3,5.9,4.4,4.4,4.3,4.3,4.2,4.2,4.1,4.1,4,..
"Mortality rate, neonatal (per 1,000 live births)",SH.DYN.NMRT,United Kingdom,GBR,4.5,3.8,3,2.9,2.8,2.7,2.7,2.7,2.8,2.8,2.8,..
"Mortality rate, neonatal (per 1,000 live births)",SH.DYN.NMRT,United States,USA,5.8,4.6,4.1,4,4,4,3.9,3.8,3.8,3.8,3.7,..
"Mortality rate, neonatal (per 1,000 live births)",SH.DYN.NMRT,Uruguay,URY,12,8.4,4.8,4.9,5.1,5.1,5,4.8,4.6,4.4,4.2,..
"Mortality rate, neonatal (per 1,000 live births)",SH.DYN.NMRT,Uzbekistan,UZB,30.9,28.1,17.4,16.4,15.1,14,13,12,11.2,10.5,9.9,..
"Mortality rate, neonatal (per 1,000 live births)",SH.DYN.NMRT,Vanuatu,VUT,15.9,12.5,13.1,13.1,13,12.9,12.7,12.4,12.1,11.7,11.4,..
"Mortality rate, neonatal (per 1,000 live births)",SH.DYN.NMRT,"Venezuela, RB",VEN,12.8,11.1,10.9,11.3,11.5,11.3,14.5,14.6,14.6,14.6,14.6,..
"Mortality rate, neonatal (per 1,000 live births)",SH.DYN.NMRT,Vietnam,VNM,23.4,15.4,11.9,11.7,11.6,11.5,11.4,11.2,11,10.7,10.5,..
"Mortality rate, neonatal (per 1,000 live births)",SH.DYN.NMRT,Virgin Islands (U.S.),VIR,..,..,..,..,..,..,..,..,..,..,..,..
"Mortality rate, neonatal (per 1,000 live births)",SH.DYN.NMRT,West Bank and Gaza,PSE,21.7,16.5,12.6,12.4,12.2,12,11.8,11.5,11.2,11,10.7,..
"Mortality rate, neonatal (per 1,000 live births)",SH.DYN.NMRT,"Yemen, Rep.",YEM,43.3,36.8,26.6,26.6,26.6,26.6,26.6,26.6,26.7,26.7,26.7,..
"Mortality rate, neonatal (per 1,000 live births)",SH.DYN.NMRT,Zambia,ZMB,36,33.9,25.5,25.2,25,24.8,24.5,24.3,23.9,23.6,23.3,..
"Mortality rate, neonatal (per 1,000 live births)",SH.DYN.NMRT,Zimbabwe,ZWE,24.6,26.4,30.9,30,29.2,28.5,27.9,27.3,26.9,26.4,25.9,..
"Mortality rate, neonatal (per 1,000 live births)",SH.DYN.NMRT,Africa Eastern and Southern,AFE,42.5360547337039,37.3642231423748,29.1291535788612,28.4558087311603,27.8030746080706,27.1864674714801,26.6019087211979,26.0141806119619,25.4803685404857,24.9382106508572,24.3878305043661,..
"Mortality rate, neonatal (per 1,000 live births)",SH.DYN.NMRT,Africa Western and Central,AFW,49.1851490231129,43.8563024170349,35.07405175876,34.679147516852,34.2358440625563,33.8522616782644,33.4445098519368,33.0257787071863,32.6312466142354,32.1288905403955,31.6315484631375,..
"Mortality rate, neonatal (per 1,000 live births)",SH.DYN.NMRT,Arab World,ARB,31.2014783818754,25.2485335880657,19.403037031073,18.9812999675703,18.5482698669694,18.1375796180172,17.7228815896722,17.4575404614423,17.2085234354679,16.9843263313186,16.7493398880004,..
"Mortality rate, neonatal (per 1,000 live births)",SH.DYN.NMRT,Caribbean small states,CSS,20.4820836396308,17.3154596803821,13.8485470114002,13.5231028639498,13.2348778575103,12.8810756279724,12.5231700558469,12.164816610184,11.8112000898426,11.4587646992262,11.0648695377432,..
"Mortality rate, neonatal (per 1,000 live births)",SH.DYN.NMRT,Central Europe and the Baltics,CEB,11.0657129137297,6.53424744754934,3.61628422681863,3.46414125630608,3.32946908350384,3.16557573466331,3.0226783147963,2.878522366477,2.78702907224041,2.72534663446183,2.61377326684701,..
"Mortality rate, neonatal (per 1,000 live births)",SH.DYN.NMRT,Early-demographic dividend,EAR,46.2412634919369,36.4917070923994,25.8009106521019,24.9504976287656,24.0929649109021,23.2816241108104,22.5167295843435,21.7687935031929,21.1229352626937,20.4338467290292,19.8235534073586,..
"Mortality rate, neonatal (per 1,000 live births)",SH.DYN.NMRT,East Asia & Pacific,EAS,27.5,19.9,10.5,10,9.5,9,8.6,8.2,7.8,7.5,7.2,..
"Mortality rate, neonatal (per 1,000 live births)",SH.DYN.NMRT,East Asia & Pacific (excluding high income),EAP,28.9437514035443,21.1599997435588,11.0507263515493,10.51826699969,9.97182231631407,9.52473560563181,9.04439696718342,8.59217660584144,8.21224320823309,7.88162847283933,7.57189476215195,..
"Mortality rate, neonatal (per 1,000 live births)",SH.DYN.NMRT,East Asia & Pacific (IDA & IBRD countries),TEA,29.0297552407514,21.0876408150238,11.0026304109636,10.4755178981699,9.93412950811385,9.49204587965846,9.01395515777395,8.56311959890032,8.18424388980385,7.85532777189103,7.54762253049128,..
"Mortality rate, neonatal (per 1,000 live births)",SH.DYN.NMRT,Euro area,EMU,4.79084971990071,3.12861395636384,2.29937786072049,2.27669074042855,2.26749186119209,2.28092641178555,2.24835827721472,2.24061297488051,2.24108721313275,2.23816432197007,2.23832111068084,..
"Mortality rate, neonatal (per 1,000 live births)",SH.DYN.NMRT,Europe & Central Asia,ECS,14,10.3,6.1,5.9,5.7,5.4,5.1,4.9,4.7,4.5,4.4,..
"Mortality rate, neonatal (per 1,000 live births)",SH.DYN.NMRT,Europe & Central Asia (excluding high income),ECA,20.6386698528085,16.7371269105893,9.14173947958665,8.77126015049704,8.33108205142836,7.82714524726014,7.34383743614085,6.92559405824757,6.59644527789257,6.28822743526139,6.01103819407869,..
"Mortality rate, neonatal (per 1,000 live births)",SH.DYN.NMRT,Europe & Central Asia (IDA & IBRD countries),TEC,19.838545999559,15.9125143707978,8.76074995955506,8.40977630117781,7.99726993497561,7.52325357148713,7.06584753576544,6.66792569206165,6.35907502802969,6.06911296107376,5.80310602390124,..
"Mortality rate, neonatal (per 1,000 live births)",SH.DYN.NMRT,European Union,EUU,6.50867881085663,3.85721815270247,2.5851877034762,2.5364906740861,2.50241909869925,2.4772802781134,2.42259924196348,2.38432008763333,2.36212528986611,2.344560875467,2.31745326965708,..
"Mortality rate, neonatal (per 1,000 live births)",SH.DYN.NMRT,Fragile and conflict affected situations,FCS,46.3166915493455,40.8082830841719,32.6538379500683,32.1419090500784,31.6063137502627,31.1100351621806,30.6941999310998,30.1925387454197,29.7376436624174,29.2285583269699,28.6974448085163,..
"Mortality rate, neonatal (per 1,000 live births)",SH.DYN.NMRT,Heavily indebted poor countries (HIPC),HPC,47.6695763069596,40.6538236998316,31.5464031465725,30.8116043073183,30.0697825690572,29.3551962384885,28.687249919323,28.0083840698934,27.3904310503616,26.7662447256925,26.1445727451493,..
"Mortality rate, neonatal (per 1,000 live births)",SH.DYN.NMRT,High income,HIC,6.6,4.4,3.3,3.2,3.2,3.1,3.1,3,3,2.9,2.9,..
"Mortality rate, neonatal (per 1,000 live births)",SH.DYN.NMRT,IBRD only,IBD,35.7703760199912,28.2393409729136,17.4396293158626,16.68535610226,15.9445019395323,15.2595123128322,14.6095289010306,14.0136380062284,13.47664009566,12.9683306692459,12.5377989557985,..
"Mortality rate, neonatal (per 1,000 live births)",SH.DYN.NMRT,IDA & IBRD total,IBT,39.7671877675247,33.0017602339756,23.2990042922799,22.6400690377306,21.9826942899898,21.3784899350715,20.8042350056104,20.2647258483274,19.7794107023766,19.2983010395832,18.8684615997923,..
"Mortality rate, neonatal (per 1,000 live births)",SH.DYN.NMRT,IDA blend,IDB,50.3735295841085,46.1464204978153,38.530284391961,38.068981581329,37.5337647498388,37.0494542552938,36.5218439308866,35.9933483896337,35.4736032817997,34.8620353108453,34.2452936890601,..
"Mortality rate, neonatal (per 1,000 live births)",SH.DYN.NMRT,IDA only,IDX,49.8616383580452,40.2821596953356,30.2864933525138,29.5507546227287,28.8206917824104,28.133338609897,27.4955997489744,26.8572819556502,26.2781571522685,25.6898752159202,25.1183112214748,..
"Mortality rate, neonatal (per 1,000 live births)",SH.DYN.NMRT,IDA total,IDA,50.032649357379,42.228131293194,33.0949916722115,32.4600184511908,31.8023906954487,31.1886880357194,30.5907093686013,29.9896923481019,29.4284355641802,28.8279753329577,28.235424189097,..
"Mortality rate, neonatal (per 1,000 live births)",SH.DYN.NMRT,Late-demographic dividend,LTE,26.0046182926566,18.4954023875144,8.32931585979296,7.85875141810698,7.39569819727259,6.97218136687061,6.5479580302687,6.18552921032291,5.76465975795557,5.47350509140484,5.21292144688945,..
"Mortality rate, neonatal (per 1,000 live births)",SH.DYN.NMRT,Latin America & Caribbean,LCN,22.5,16,10.8,10.6,10.3,10.1,10,9.9,9.5,9.3,9.1,..
"Mortality rate, neonatal (per 1,000 live births)",SH.DYN.NMRT,Latin America & Caribbean (excluding high income),LAC,23.4202486125116,16.5097071814774,10.9928254047187,10.6802928072906,10.3826560957121,10.1037879375293,9.85410952844468,9.78502358192963,9.32894484101716,9.1228261378177,8.91902733365468,..
"Mortality rate, neonatal (per 1,000 live births)",SH.DYN.NMRT,Latin America & the Caribbean (IDA & IBRD countries),TLA,22.7139546514075,16.1143325919512,10.9292224403942,10.6639970226638,10.4002792521783,10.1280804819124,10.061986108855,9.99537826491072,9.56344138552273,9.36058205553494,9.16283335722634,..
"Mortality rate, neonatal (per 1,000 live births)",SH.DYN.NMRT,Least developed countries: UN classification,LDC,51.7330950477489,41.6687067637519,31.04384172305,30.2511246732797,29.473550486219,28.7345389158528,28.0533947197233,27.3800991007878,26.7671528066681,26.1507507552856,25.555334708066,..
"Mortality rate, neonatal (per 1,000 live births)",SH.DYN.NMRT,Low & middle income,LMY,40.0047278974119,33.2024676681308,23.4163490258003,22.7472993093808,22.0805604670873,21.4697927352748,20.8750504884902,20.3295776908225,19.8391196318183,19.3534461398487,18.9193753506953,..
"Mortality rate, neonatal (per 1,000 live births)",SH.DYN.NMRT,Low income,LIC,48.2,41.2,31.8,31.1,30.3,29.7,29,28.4,27.7,27.2,26.6,..
"Mortality rate, neonatal (per 1,000 live births)",SH.DYN.NMRT,Lower middle income,LMC,49.8,40.6,29.6,28.8,28,27.2,26.5,25.8,25.1,24.4,23.8,..
"Mortality rate, neonatal (per 1,000 live births)",SH.DYN.NMRT,Middle East & North Africa,MEA,27.8,21,14.9,14.5,14.1,13.7,13.3,13,12.8,12.5,12.3,..
"Mortality rate, neonatal (per 1,000 live births)",SH.DYN.NMRT,Middle East & North Africa (excluding high income),MNA,28.9492446088211,22.3860200095297,16.071146343812,15.648114933844,15.2019386975336,14.7809049876878,14.3566981039024,14.0578323493347,13.8008943636552,13.5625148563782,13.3211749979666,..
"Mortality rate, neonatal (per 1,000 live births)",SH.DYN.NMRT,Middle East & North Africa (IDA & IBRD countries),TMN,29.0433894772487,22.4903256831148,16.1280657111602,15.7008787071913,15.2502834999615,14.8253627983797,14.3973643178865,14.0984422846224,13.8422632680886,13.6034990591685,13.3634762444491,..
"Mortality rate, neonatal (per 1,000 live births)",SH.DYN.NMRT,Middle income,MIC,38.963413545587,31.8541875172071,21.7809111606346,21.1054758908572,20.4298045337546,19.8146656287508,19.2061533876031,18.6600958500966,18.1643229013924,17.673863264221,17.2483847949225,..
"Mortality rate, neonatal (per 1,000 live births)",SH.DYN.NMRT,North America,NAC,5.6,4.6,4,4,4,3.9,3.9,3.8,3.8,3.7,3.7,..
"Mortality rate, neonatal (per 1,000 live births)",SH.DYN.NMRT,Not classified,INX,..,..,..,..,..,..,..,..,..,..,..,..
"Mortality rate, neonatal (per 1,000 live births)",SH.DYN.NMRT,OECD members,OED,10.6786415675325,7.06759405801839,4.55944316297358,4.43438567482015,4.33557746639994,4.25940707959879,4.17652343104706,4.12466633946908,4.1172818879919,4.10408641928336,4.02313420353989,..
"Mortality rate, neonatal (per 1,000 live births)",SH.DYN.NMRT,Other small states,OSS,32.9471134469704,28.0367328076614,24.2764788504376,24.0900229880971,23.9241187661188,23.7218641665411,23.4545169322137,23.1556400414879,22.8178224830291,22.4263332065424,22.0312734510877,..
"Mortality rate, neonatal (per 1,000 live births)",SH.DYN.NMRT,Pacific island small states,PSS,15.3534684945854,12.4795857664234,11.4760050912176,11.3406150796983,11.2157951652886,11.119530502491,11.005059952824,10.9014744696797,10.7934131736527,10.6372522048709,10.4517678032077,..
"Mortality rate, neonatal (per 1,000 live births)",SH.DYN.NMRT,Post-demographic dividend,PST,5.50755978358247,3.93694890395167,3.08177952264897,3.01409190294907,2.98204879112609,2.95771231913413,2.89534184308705,2.84788238500246,2.84223036648468,2.83624542387352,2.77840289682855,..
"Mortality rate, neonatal (per 1,000 live births)",SH.DYN.NMRT,Pre-demographic dividend,PRE,46.3229651250717,40.9663201460446,32.3168472455198,31.7910432421218,31.2502553564382,30.7562872848744,30.251449940806,29.7490720079736,29.269373349315,28.7434727208712,28.212973133062,..
"Mortality rate, neonatal (per 1,000 live births)",SH.DYN.NMRT,Small states,SST,29.3240921180753,25.1174573767943,21.9075523761221,21.7258575318401,21.566066331677,21.3700684689414,21.1200429376387,20.844758218964,20.5376338635068,20.1832306838486,19.8174092391592,..
"Mortality rate, neonatal (per 1,000 live births)",SH.DYN.NMRT,South Asia,SAS,58.7,46.3,33.3,32.2,31.1,30.1,29,28,27,26,25.1,..
"Mortality rate, neonatal (per 1,000 live births)",SH.DYN.NMRT,South Asia (IDA & IBRD),TSA,58.7361710550013,46.320074907875,33.3282835519108,32.2564918525905,31.1685058674052,30.0866359382599,29.0076860909103,27.9364935853286,26.9961254528397,25.9812359906961,25.1158423526453,..
"Mortality rate, neonatal (per 1,000 live births)",SH.DYN.NMRT,Sub-Saharan Africa,SSF,45.2,40.1,31.6,31.1,30.5,30,29.5,29,28.5,28,27.5,..
"Mortality rate, neonatal (per 1,000 live births)",SH.DYN.NMRT,Sub-Saharan Africa (excluding high income),SSA,45.26106561533,40.0638564734791,31.6398821189869,31.0886494236925,30.5288348789441,30.0149501158277,29.5088878750252,28.9958393912677,28.5236582066775,28.0004883209507,27.4745154994387,..
"Mortality rate, neonatal (per 1,000 live births)",SH.DYN.NMRT,Sub-Saharan Africa (IDA & IBRD countries),TSS,45.2585118087122,40.0621036015776,31.6387714773936,31.0875941491773,30.5278309355074,30.0139875089813,29.5079686293282,28.9949580335634,28.5228102232151,27.9996770414292,27.4737383430024,..
"Mortality rate, neonatal (per 1,000 live births)",SH.DYN.NMRT,Upper middle income,UMC,26.4,18.7,9.9,9.4,9,8.5,8.2,7.9,7.5,7.2,6.9,..
"Mortality rate, neonatal (per 1,000 live births)",SH.DYN.NMRT,World,WLD,36.6,30.3,21.5,20.9,20.3,19.8,19.2,18.8,18.3,17.9,17.5,..
,,,,,,,,,,,,,,,
,,,,,,,,,,,,,,,
,,,,,,,,,,,,,,,
Data from database: World Development Indicators,,,,,,,,,,,,,,,
Last Updated: 07/21/2021,,,,,,,,,,,,,,,
